id,relative_path,filename,extension,size_bytes,sha256,width_px,height_px,camera_make,camera_model,exif_creation,file_birthtime,file_mtime,gps_latitude,gps_longitude,duplicate_hint_from_name,duplicate_group_id,duplicate_of,session_group_id,session_index,seconds_since_prev,img_number,artifact_group_id,item_title,item_type,subject,location_guess,notes
img_0209,raw/imgs/IMG_8541 2.jpeg,IMG_8541 2.jpeg,.jpeg,3222988,aad1e1eb32ef728a9d685e190b53d677f2b88350141647b3eb903ce52654661e,4032,3024,Apple,iPhone XR,2022:01:09 12:37:30,2022-01-09 12:37:29,2025-12-18 22:51:09,,,True,D0001,,S0001,1,,8541,S0001,,,,,
img_0210,raw/imgs/IMG_8541.jpeg,IMG_8541.jpeg,.jpeg,3222988,e24e0a8693e52a36a1a44a18155b70b2fb62917e610ecaa959aec2dda82a40f2,4032,3024,Apple,iPhone XR,2022:01:09 12:37:30,2022-01-09 12:37:29,2025-12-18 22:50:09,,,False,D0002,,S0001,2,0.0,8541,S0001,,,,,
img_0002,raw/imgs/IMG_1015 2.jpeg,IMG_1015 2.jpeg,.jpeg,2615943,83bf91397e04d782a6fa0d4bd7d75180adf1a94ee32323e9f2f3c478ac02f73b,4032,3024,Apple,iPhone XR,2022:08:25 07:42:35,2022-08-25 07:42:35,2025-12-18 22:51:09,,,True,D0003,,S0002,1,19681505.0,1015,S0002,,,,,
img_0003,raw/imgs/IMG_1015.jpeg,IMG_1015.jpeg,.jpeg,2615943,83bf91397e04d782a6fa0d4bd7d75180adf1a94ee32323e9f2f3c478ac02f73b,4032,3024,Apple,iPhone XR,2022:08:25 07:42:35,2022-08-25 07:42:35,2025-12-18 22:50:07,,,False,D0003,raw/imgs/IMG_1015 2.jpeg,S0002,2,0.0,1015,S0002,,,,,
img_0004,raw/imgs/IMG_3216 2.jpeg,IMG_3216 2.jpeg,.jpeg,3703121,202c584d6c0b50d06634eb27151c32e4201d99a65b404184d55b478610125660,4032,3024,Apple,iPhone XR,2023:05:31 13:03:00,2023-05-31 13:03:00,2025-12-18 22:51:09,,,True,D0004,,S0003,1,24124825.0,3216,S0003,,,,,
img_0005,raw/imgs/IMG_3216.jpeg,IMG_3216.jpeg,.jpeg,3703121,202c584d6c0b50d06634eb27151c32e4201d99a65b404184d55b478610125660,4032,3024,Apple,iPhone XR,2023:05:31 13:03:00,2023-05-31 13:03:00,2025-12-18 22:50:06,,,False,D0004,raw/imgs/IMG_3216 2.jpeg,S0003,2,0.0,3216,S0003,,,,,
img_0006,raw/imgs/IMG_3316 2.jpeg,IMG_3316 2.jpeg,.jpeg,2802971,2c20ee5648237d1e7b6947f4ff0a40d998b70460650d0871cfcc8c5acf3a1552,4032,3024,Apple,iPhone XR,2023:06:21 13:31:22,2023-06-21 13:31:22,2025-12-18 22:51:09,,,True,D0005,,S0004,1,1816102.0,3316,S0004,,,,,
img_0007,raw/imgs/IMG_3316.jpeg,IMG_3316.jpeg,.jpeg,2802971,2c20ee5648237d1e7b6947f4ff0a40d998b70460650d0871cfcc8c5acf3a1552,4032,3024,Apple,iPhone XR,2023:06:21 13:31:22,2023-06-21 13:31:22,2025-12-18 22:50:09,,,False,D0005,raw/imgs/IMG_3316 2.jpeg,S0004,2,0.0,3316,S0004,,,,,
img_0008,raw/imgs/IMG_3317 2.jpeg,IMG_3317 2.jpeg,.jpeg,2234457,89758e7c94211550ec1e226b66bd73c9d66f2acd5903d50a81e3cf4a5411d701,4032,3024,Apple,iPhone XR,2023:06:21 13:39:46,2023-06-21 13:39:46,2025-12-18 22:51:09,,,True,D0006,,S0005,1,504.0,3317,S0005,,,,,
img_0009,raw/imgs/IMG_3317.jpeg,IMG_3317.jpeg,.jpeg,2234457,89758e7c94211550ec1e226b66bd73c9d66f2acd5903d50a81e3cf4a5411d701,4032,3024,Apple,iPhone XR,2023:06:21 13:39:46,2023-06-21 13:39:46,2025-12-18 22:50:10,,,False,D0006,raw/imgs/IMG_3317 2.jpeg,S0005,2,0.0,3317,S0005,,,,,
img_0010,raw/imgs/IMG_3318 2.jpeg,IMG_3318 2.jpeg,.jpeg,2548831,34508728915ce5b0f3ae4b9ac191869e4a54451e272cf0f936b14b20fd25f109,4032,3024,Apple,iPhone XR,2023:06:21 13:40:33,2023-06-21 13:40:33,2025-12-18 22:51:09,,,True,D0007,,S0005,3,47.0,3318,S0005,,,,,
img_0011,raw/imgs/IMG_3318.jpeg,IMG_3318.jpeg,.jpeg,2548831,34508728915ce5b0f3ae4b9ac191869e4a54451e272cf0f936b14b20fd25f109,4032,3024,Apple,iPhone XR,2023:06:21 13:40:33,2023-06-21 13:40:33,2025-12-18 22:50:11,,,False,D0007,raw/imgs/IMG_3318 2.jpeg,S0005,4,0.0,3318,S0005,,,,,
img_0012,raw/imgs/IMG_3319 2.jpeg,IMG_3319 2.jpeg,.jpeg,3103605,d9a60a4079926385796c00856645efff767549bd7cce4281e4abdfee7d3ba4fb,4032,3024,Apple,iPhone XR,2023:06:21 13:41:02,2023-06-21 13:41:02,2025-12-18 22:51:09,,,True,D0008,,S0005,5,29.0,3319,S0005,,,,,
img_0013,raw/imgs/IMG_3319.jpeg,IMG_3319.jpeg,.jpeg,3103605,d9a60a4079926385796c00856645efff767549bd7cce4281e4abdfee7d3ba4fb,4032,3024,Apple,iPhone XR,2023:06:21 13:41:02,2023-06-21 13:41:02,2025-12-18 22:50:10,,,False,D0008,raw/imgs/IMG_3319 2.jpeg,S0005,6,0.0,3319,S0005,,,,,
img_0014,raw/imgs/IMG_3320 2.jpeg,IMG_3320 2.jpeg,.jpeg,2916165,d0172c5422b34cf37886fbb9e34387eacc03c7ff413eca22cef9cfabf8feff23,4032,3024,Apple,iPhone XR,2023:06:21 13:43:15,2023-06-21 13:43:15,2025-12-18 22:51:09,,,True,D0009,,S0006,1,133.0,3320,S0006,,,,,
img_0015,raw/imgs/IMG_3320.jpeg,IMG_3320.jpeg,.jpeg,2916165,d0172c5422b34cf37886fbb9e34387eacc03c7ff413eca22cef9cfabf8feff23,4032,3024,Apple,iPhone XR,2023:06:21 13:43:15,2023-06-21 13:43:15,2025-12-18 22:50:11,,,False,D0009,raw/imgs/IMG_3320 2.jpeg,S0006,2,0.0,3320,S0006,,,,,
img_0016,raw/imgs/IMG_3321 2.jpeg,IMG_3321 2.jpeg,.jpeg,3046335,8fd58be1fca9c60004e7e67afc77a754ef47d57be7c03d88bfa7637a621147d1,4032,3024,Apple,iPhone XR,2023:06:21 13:49:25,2023-06-21 13:49:25,2025-12-18 22:51:09,,,True,D0010,,S0007,1,370.0,3321,S0007,,,,,
img_0017,raw/imgs/IMG_3321.jpeg,IMG_3321.jpeg,.jpeg,3046335,8fd58be1fca9c60004e7e67afc77a754ef47d57be7c03d88bfa7637a621147d1,4032,3024,Apple,iPhone XR,2023:06:21 13:49:25,2023-06-21 13:49:25,2025-12-18 22:50:12,,,False,D0010,raw/imgs/IMG_3321 2.jpeg,S0007,2,0.0,3321,S0007,,,,,
img_0018,raw/imgs/IMG_3322 2.jpeg,IMG_3322 2.jpeg,.jpeg,2595914,c56af328167a7f7257e3886ef291bbfa29bfe8e066610ba3d6122647708ff43d,4032,3024,Apple,iPhone XR,2023:06:21 13:50:19,2023-06-21 13:50:19,2025-12-18 22:51:09,,,True,D0011,,S0007,3,54.0,3322,S0007,,,,,
img_0019,raw/imgs/IMG_3322.jpeg,IMG_3322.jpeg,.jpeg,2595914,c56af328167a7f7257e3886ef291bbfa29bfe8e066610ba3d6122647708ff43d,4032,3024,Apple,iPhone XR,2023:06:21 13:50:19,2023-06-21 13:50:19,2025-12-18 22:50:12,,,False,D0011,raw/imgs/IMG_3322 2.jpeg,S0007,4,0.0,3322,S0007,,,,,
img_0020,raw/imgs/IMG_3323 2.jpeg,IMG_3323 2.jpeg,.jpeg,2486022,79c104463e01488a3eeaf41deff2069835ece87644bf6921804172edc066e503,4032,3024,Apple,iPhone XR,2023:06:21 13:53:16,2023-06-21 13:53:16,2025-12-18 22:51:09,,,True,D0012,,S0008,1,177.0,3323,S0008,,,,,
img_0021,raw/imgs/IMG_3323.jpeg,IMG_3323.jpeg,.jpeg,2486022,79c104463e01488a3eeaf41deff2069835ece87644bf6921804172edc066e503,4032,3024,Apple,iPhone XR,2023:06:21 13:53:16,2023-06-21 13:53:16,2025-12-18 22:50:13,,,False,D0012,raw/imgs/IMG_3323 2.jpeg,S0008,2,0.0,3323,S0008,,,,,
img_0022,raw/imgs/IMG_3324 2.jpeg,IMG_3324 2.jpeg,.jpeg,2387308,fb1b5910438f63dcb31969bb6bfe7c82aa7935a3719a01c4048d9716820c9048,4032,3024,Apple,iPhone XR,2023:06:21 13:53:29,2023-06-21 13:53:29,2025-12-18 22:51:09,,,True,D0013,,S0008,3,13.0,3324,S0008,,,,,
img_0023,raw/imgs/IMG_3324.jpeg,IMG_3324.jpeg,.jpeg,2387308,fb1b5910438f63dcb31969bb6bfe7c82aa7935a3719a01c4048d9716820c9048,4032,3024,Apple,iPhone XR,2023:06:21 13:53:29,2023-06-21 13:53:29,2025-12-18 22:50:14,,,False,D0013,raw/imgs/IMG_3324 2.jpeg,S0008,4,0.0,3324,S0008,,,,,
img_0024,raw/imgs/IMG_3325 2.jpeg,IMG_3325 2.jpeg,.jpeg,2658553,f8a4e5fa10d033954c560e9678ee216e16ac3bedea6abe2f74565eaa115bd19a,3024,4032,Apple,iPhone XR,2023:06:21 13:54:02,2023-06-21 13:54:02,2025-12-18 22:51:09,,,True,D0014,,S0008,5,33.0,3325,S0008,,,,,
img_0025,raw/imgs/IMG_3325.jpeg,IMG_3325.jpeg,.jpeg,2658553,f8a4e5fa10d033954c560e9678ee216e16ac3bedea6abe2f74565eaa115bd19a,3024,4032,Apple,iPhone XR,2023:06:21 13:54:02,2023-06-21 13:54:02,2025-12-18 22:50:14,,,False,D0014,raw/imgs/IMG_3325 2.jpeg,S0008,6,0.0,3325,S0008,,,,,
img_0026,raw/imgs/IMG_3326 2.jpeg,IMG_3326 2.jpeg,.jpeg,2852529,c7569a4b6d342141a808d456e9fef08b953f10eefe77e2b81ef3519c2bf0c187,4032,3024,Apple,iPhone XR,2023:06:21 14:01:08,2023-06-21 14:01:08,2025-12-18 22:51:09,,,True,D0015,,S0009,1,426.0,3326,S0009,,,,,
img_0027,raw/imgs/IMG_3326.jpeg,IMG_3326.jpeg,.jpeg,2852529,c7569a4b6d342141a808d456e9fef08b953f10eefe77e2b81ef3519c2bf0c187,4032,3024,Apple,iPhone XR,2023:06:21 14:01:08,2023-06-21 14:01:08,2025-12-18 22:50:15,,,False,D0015,raw/imgs/IMG_3326 2.jpeg,S0009,2,0.0,3326,S0009,,,,,
img_0028,raw/imgs/IMG_3327 2.jpeg,IMG_3327 2.jpeg,.jpeg,2910714,a1b10a607266d8208d320acdbf75354b66866b0757cba28999de5d26d564a42a,4032,3024,Apple,iPhone XR,2023:06:21 14:04:38,2023-06-21 14:04:38,2025-12-18 22:51:10,,,True,D0016,,S0010,1,210.0,3327,S0010,,,,,
img_0029,raw/imgs/IMG_3327.jpeg,IMG_3327.jpeg,.jpeg,2910714,a1b10a607266d8208d320acdbf75354b66866b0757cba28999de5d26d564a42a,4032,3024,Apple,iPhone XR,2023:06:21 14:04:38,2023-06-21 14:04:38,2025-12-18 22:50:15,,,False,D0016,raw/imgs/IMG_3327 2.jpeg,S0010,2,0.0,3327,S0010,,,,,
img_0030,raw/imgs/IMG_3328 2.jpeg,IMG_3328 2.jpeg,.jpeg,2514578,d143568cdaf9909c24264497ea7e483c6e60547a2494ff5f3a41d8d1272b74fa,4032,3024,Apple,iPhone XR,2023:06:21 14:08:33,2023-06-21 14:08:33,2025-12-18 22:51:10,,,True,D0017,,S0011,1,235.0,3328,S0011,,,,,
img_0031,raw/imgs/IMG_3328.jpeg,IMG_3328.jpeg,.jpeg,2514578,d143568cdaf9909c24264497ea7e483c6e60547a2494ff5f3a41d8d1272b74fa,4032,3024,Apple,iPhone XR,2023:06:21 14:08:33,2023-06-21 14:08:33,2025-12-18 22:50:16,,,False,D0017,raw/imgs/IMG_3328 2.jpeg,S0011,2,0.0,3328,S0011,,,,,
img_0032,raw/imgs/IMG_3329 2.jpeg,IMG_3329 2.jpeg,.jpeg,2596761,1fbe0099f217a34003fd5724c29c0ec373a18170381fa9bcc5232f336899d148,4032,3024,Apple,iPhone XR,2023:06:21 14:09:19,2023-06-21 14:09:19,2025-12-18 22:51:10,,,True,D0018,,S0011,3,46.0,3329,S0011,,,,,
img_0033,raw/imgs/IMG_3329.jpeg,IMG_3329.jpeg,.jpeg,2596761,1fbe0099f217a34003fd5724c29c0ec373a18170381fa9bcc5232f336899d148,4032,3024,Apple,iPhone XR,2023:06:21 14:09:19,2023-06-21 14:09:19,2025-12-18 22:50:17,,,False,D0018,raw/imgs/IMG_3329 2.jpeg,S0011,4,0.0,3329,S0011,,,,,
img_0034,raw/imgs/IMG_3330 2.jpeg,IMG_3330 2.jpeg,.jpeg,2496876,ae352d730fb8f3921a739b06b27ad510e818fea56ad94e9542e32a1274eb85d0,4032,3024,Apple,iPhone XR,2023:06:21 14:10:07,2023-06-21 14:10:07,2025-12-18 22:51:10,,,True,D0019,,S0011,5,48.0,3330,S0011,,,,,
img_0035,raw/imgs/IMG_3330.jpeg,IMG_3330.jpeg,.jpeg,2496876,ae352d730fb8f3921a739b06b27ad510e818fea56ad94e9542e32a1274eb85d0,4032,3024,Apple,iPhone XR,2023:06:21 14:10:07,2023-06-21 14:10:07,2025-12-18 22:50:17,,,False,D0019,raw/imgs/IMG_3330 2.jpeg,S0011,6,0.0,3330,S0011,,,,,
img_0036,raw/imgs/IMG_3331.jpeg,IMG_3331.jpeg,.jpeg,1855740,20ceafd725e1317114c375757b4ad997da36bba1a03bfcd0337678b1b7a2bc1b,4032,3024,Apple,iPhone XR,2023:06:21 14:12:43,2023-06-21 14:12:43,2025-12-18 22:51:10,,,False,D0020,,S0012,1,156.0,3331,S0012,,,,,
img_0037,raw/imgs/IMG_3332.jpeg,IMG_3332.jpeg,.jpeg,2257088,58587a7e7135c90398b9b920049e7bf2a5e264bfe841fa602240132e393917ae,4032,3024,Apple,iPhone XR,2023:06:21 14:14:46,2023-06-21 14:14:46,2025-12-18 22:51:10,,,False,D0021,,S0013,1,123.0,3332,S0013,,,,,
img_0038,raw/imgs/IMG_3333.jpeg,IMG_3333.jpeg,.jpeg,1882309,d9c1adb20b1bb0179a1ccf04777c5e4a34da93d2a2fabfbd4be21cc46d96a1b7,4032,3024,Apple,iPhone XR,2023:06:21 14:16:25,2023-06-21 14:16:25,2025-12-18 22:51:11,,,False,D0022,,S0014,1,99.0,3333,S0014,,,,,
img_0039,raw/imgs/IMG_3334.jpeg,IMG_3334.jpeg,.jpeg,1616047,c992ae06fb6b887e5839f6fbaa35be6fc240311e2f87bddd6e5e2831deadfeae,4032,3024,Apple,iPhone XR,2023:06:21 14:16:39,2023-06-21 14:16:39,2025-12-18 22:51:12,,,False,D0023,,S0014,2,14.0,3334,S0014,,,,,
img_0040,raw/imgs/IMG_3335.jpeg,IMG_3335.jpeg,.jpeg,1933791,b565094c433236b58c1c622cbd20a5964b703315b9a63fddf46f535f597023b5,4032,3024,Apple,iPhone XR,2023:06:21 14:17:12,2023-06-21 14:17:12,2025-12-18 22:51:13,,,False,D0024,,S0014,3,33.0,3335,S0014,,,,,
img_0041,raw/imgs/IMG_3336.jpeg,IMG_3336.jpeg,.jpeg,2007147,9b78922b944fc501542bcb20543c7a17678123b3997416b361448d2197a8c67c,4032,3024,Apple,iPhone XR,2023:06:21 14:17:29,2023-06-21 14:17:29,2025-12-18 22:51:14,,,False,D0025,,S0014,4,17.0,3336,S0014,,,,,
img_0042,raw/imgs/IMG_3337.jpeg,IMG_3337.jpeg,.jpeg,2540072,2c923723c46635123d225605e3447654d813c3d14be57eb9b34dccb3b6419c2d,4032,3024,Apple,iPhone XR,2023:06:21 14:18:56,2023-06-21 14:18:56,2025-12-18 22:51:14,,,False,D0026,,S0014,5,87.0,3337,S0014,,,,,
img_0043,raw/imgs/IMG_3338.jpeg,IMG_3338.jpeg,.jpeg,2924568,67f86c279d528eeeee342ddbd2fa37bd9f7a08f557f83ac8821776ddf3460dd1,4032,3024,Apple,iPhone XR,2023:06:21 14:31:30,2023-06-21 14:31:30,2025-12-18 22:51:14,,,False,D0027,,S0015,1,754.0,3338,S0015,,,,,
img_0044,raw/imgs/IMG_3339.jpeg,IMG_3339.jpeg,.jpeg,2692204,15dc0ba5d456fadc93d4e8f30f5f2e650f799a9215a658ca694e3a62198d9c16,4032,3024,Apple,iPhone XR,2023:06:21 14:38:22,2023-06-21 14:38:22,2025-12-18 22:51:15,,,False,D0028,,S0016,1,412.0,3339,S0016,,,,,
img_0045,raw/imgs/IMG_3340.jpeg,IMG_3340.jpeg,.jpeg,2466840,edea5442f7329a284ed322b07958bf055042fa759811110ab22107f9f2ea2b5e,4032,3024,Apple,iPhone XR,2023:06:21 14:40:52,2023-06-21 14:40:52,2025-12-18 22:51:16,,,False,D0029,,S0017,1,150.0,3340,S0017,,,,,
img_0046,raw/imgs/IMG_3341.jpeg,IMG_3341.jpeg,.jpeg,2633718,144e243d6d3c29837564bee1f8bcc87c35e1ac50ae8ed5cf56b84794511f8e48,4032,3024,Apple,iPhone XR,2023:06:21 14:41:58,2023-06-21 14:41:58,2025-12-18 22:51:17,,,False,D0030,,S0017,2,66.0,3341,S0017,,,,,
img_0047,raw/imgs/IMG_3342.jpeg,IMG_3342.jpeg,.jpeg,2555984,7c5f4d9e157f2c644b405fc084a98797eec7ea2136c9ae68e1f607b3ebc11e62,4032,3024,Apple,iPhone XR,2023:06:21 14:42:14,2023-06-21 14:42:14,2025-12-18 22:51:17,,,False,D0031,,S0017,3,16.0,3342,S0017,,,,,
img_0048,raw/imgs/IMG_3343.jpeg,IMG_3343.jpeg,.jpeg,2298313,fc13c0c8448dda097b4d24de270d4704fcc1a1ea725db579930ab9f29b329938,4032,3024,Apple,iPhone XR,2023:06:21 14:42:30,2023-06-21 14:42:30,2025-12-18 22:51:18,,,False,D0032,,S0017,4,16.0,3343,S0017,,,,,
img_0049,raw/imgs/IMG_3344.jpeg,IMG_3344.jpeg,.jpeg,3865427,c71373194e1802a809b862721669815c2923aa5f1fc3a65420215d7435596e97,4032,3024,Apple,iPhone XR,2023:06:21 14:56:39,2023-06-21 14:56:39,2025-12-18 22:51:19,,,False,D0033,,S0018,1,849.0,3344,S0018,,,,,
img_0050,raw/imgs/IMG_3345.jpeg,IMG_3345.jpeg,.jpeg,3775226,e80a392d08697eb5c73168d88c370ec071cc586099d77e22c00ed692f2b48af4,4032,3024,Apple,iPhone XR,2023:06:21 14:56:56,2023-06-21 14:56:56,2025-12-18 22:51:20,,,False,D0034,,S0018,2,17.0,3345,S0018,,,,,
img_0051,raw/imgs/IMG_3346.jpeg,IMG_3346.jpeg,.jpeg,2823665,3d4d78c893f8bdfdceb600d133395ea62db0d29ecda590f77634090d36d0cb15,4032,3024,Apple,iPhone XR,2023:06:21 15:04:26,2023-06-21 15:04:26,2025-12-18 22:51:20,,,False,D0035,,S0019,1,450.0,3346,S0019,,,,,
img_0052,raw/imgs/IMG_3347.jpeg,IMG_3347.jpeg,.jpeg,2363172,05f9293916c04648b74d4a3f8d21b77eb15edbaca63aecd09db4e665d8cc5b61,4032,3024,Apple,iPhone XR,2023:06:21 15:04:32,2023-06-21 15:04:32,2025-12-18 22:51:20,,,False,D0036,,S0019,2,6.0,3347,S0019,,,,,
img_0053,raw/imgs/IMG_3348.jpeg,IMG_3348.jpeg,.jpeg,2736266,e958a8a8fa68662704d362e5984fab5b28b246992977fabba29090a35cc35178,4032,3024,Apple,iPhone XR,2023:06:21 15:04:43,2023-06-21 15:04:43,2025-12-18 22:51:20,,,False,D0037,,S0019,3,11.0,3348,S0019,,,,,
img_0054,raw/imgs/IMG_3349.jpeg,IMG_3349.jpeg,.jpeg,2609657,222b3932759581e6440508a6cf597537c8a2ad33387f0461f1c2252244cdf7e1,4032,3024,Apple,iPhone XR,2023:06:21 15:04:55,2023-06-21 15:04:55,2025-12-18 22:51:21,,,False,D0038,,S0019,4,12.0,3349,S0019,,,,,
img_0055,raw/imgs/IMG_3350.jpeg,IMG_3350.jpeg,.jpeg,2617524,613f62c7a1a31659f1b1c88089afc3bd8d2e657f3f142fa90ad4c412d743cfef,4032,3024,Apple,iPhone XR,2023:06:21 15:05:05,2023-06-21 15:05:05,2025-12-18 22:51:22,,,False,D0039,,S0019,5,10.0,3350,S0019,,,,,
img_0056,raw/imgs/IMG_3351.jpeg,IMG_3351.jpeg,.jpeg,2582740,64c417c4f3ce7b96acf55c83bafa09675e0f9029f71719d086eb775703f91931,4032,3024,Apple,iPhone XR,2023:06:21 15:05:17,2023-06-21 15:05:17,2025-12-18 22:51:22,,,False,D0040,,S0019,6,12.0,3351,S0019,,,,,
img_0057,raw/imgs/IMG_3352.jpeg,IMG_3352.jpeg,.jpeg,2665050,af9d3ccb3be350a71fdc4b1f6ccdc11a8b58b509fe43ec593fcaac9da4ae4d39,4032,3024,Apple,iPhone XR,2023:06:21 15:05:32,2023-06-21 15:05:32,2025-12-18 22:51:23,,,False,D0041,,S0019,7,15.0,3352,S0019,,,,,
img_0058,raw/imgs/IMG_3353.jpeg,IMG_3353.jpeg,.jpeg,2521827,70663d77d4c034565beaf0d02faf50a5c0d05d2f04b925730218e729ad458cd0,4032,3024,Apple,iPhone XR,2023:06:21 15:05:46,2023-06-21 15:05:46,2025-12-18 22:51:24,,,False,D0042,,S0019,8,14.0,3353,S0019,,,,,
img_0059,raw/imgs/IMG_3354.jpeg,IMG_3354.jpeg,.jpeg,2588261,8663b8ed7c295ef060ff91d37252866a302c2182978bddd119ad2f538361fc09,4032,3024,Apple,iPhone XR,2023:06:21 15:05:56,2023-06-21 15:05:56,2025-12-18 22:51:24,,,False,D0043,,S0019,9,10.0,3354,S0019,,,,,
img_0060,raw/imgs/IMG_3355.jpeg,IMG_3355.jpeg,.jpeg,2367538,1c72432c2a65fb7b975a7404184a13e8b58d254a11337e1ee942650c58638077,4032,3024,Apple,iPhone XR,2023:06:21 15:06:05,2023-06-21 15:06:05,2025-12-18 22:51:25,,,False,D0044,,S0019,10,9.0,3355,S0019,,,,,
img_0061,raw/imgs/IMG_3357.jpeg,IMG_3357.jpeg,.jpeg,2398395,c4e2f992e8b1fd3e93370e6cf3a37560b2a831cc87832d1c4916b0094514e5b4,4032,3024,Apple,iPhone XR,2023:06:21 15:14:16,2023-06-21 15:14:16,2025-12-18 22:51:26,,,False,D0045,,S0020,1,491.0,3357,S0020,,,,,
img_0062,raw/imgs/IMG_3358.jpeg,IMG_3358.jpeg,.jpeg,1877972,7ed315894cbe7fd2b14433ab08b66a58a183d731af4f6fbce9eac35b6d567705,4032,3024,Apple,iPhone XR,2023:06:21 15:15:03,2023-06-21 15:15:03,2025-12-18 22:51:26,,,False,D0046,,S0020,2,47.0,3358,S0020,,,,,
img_0063,raw/imgs/IMG_3359.jpeg,IMG_3359.jpeg,.jpeg,2374484,96e2750f2aaa4905b2bbddc08fe132fae3f041103d943285cae37764a8712ebb,4032,3024,Apple,iPhone XR,2023:06:21 15:15:30,2023-06-21 15:15:30,2025-12-18 22:51:27,,,False,D0047,,S0020,3,27.0,3359,S0020,,,,,
img_0064,raw/imgs/IMG_3360.jpeg,IMG_3360.jpeg,.jpeg,2417974,c833957b234adcc17d893fc766aaba5bf35cbb6fe8cacd929ea126b711973e1a,4032,3024,Apple,iPhone XR,2023:06:21 15:15:56,2023-06-21 15:15:56,2025-12-18 22:51:27,,,False,D0048,,S0020,4,26.0,3360,S0020,,,,,
img_0065,raw/imgs/IMG_3361.jpeg,IMG_3361.jpeg,.jpeg,2686155,0d9c7cccfe56dbe057f2e339b3c167c60f6a7a6776443fbe248450c69b4b801a,4032,3024,Apple,iPhone XR,2023:06:21 15:21:16,2023-06-21 15:21:16,2025-12-18 22:51:28,,,False,D0049,,S0021,1,320.0,3361,S0021,,,,,
img_0066,raw/imgs/IMG_3362.jpeg,IMG_3362.jpeg,.jpeg,2395799,434bf0b309e8076f6a37c59a9c40cd3c07d1fd6c193c65f5cb00e41b5bd2cee3,4032,3024,Apple,iPhone XR,2023:06:21 15:21:24,2023-06-21 15:21:24,2025-12-18 22:51:28,,,False,D0050,,S0021,2,8.0,3362,S0021,,,,,
img_0067,raw/imgs/IMG_3363.jpeg,IMG_3363.jpeg,.jpeg,2105233,bb6c263e88abecda9f28ec323479314e27927ed09b80437f34d02c77c7962951,4032,3024,Apple,iPhone XR,2023:06:21 15:21:37,2023-06-21 15:21:37,2025-12-18 22:51:28,,,False,D0051,,S0021,3,13.0,3363,S0021,,,,,
img_0068,raw/imgs/IMG_3364.jpeg,IMG_3364.jpeg,.jpeg,1927023,1c8c8bdfa5e46e9482e16ff9ca1ce840dab442e8163e4942db3c5327f2d45aeb,4032,3024,Apple,iPhone XR,2023:06:21 15:21:53,2023-06-21 15:21:53,2025-12-18 22:51:28,,,False,D0052,,S0021,4,16.0,3364,S0021,,,,,
img_0069,raw/imgs/IMG_3365.jpeg,IMG_3365.jpeg,.jpeg,2140159,a08db295176acceef32fc4404127c29613a87f4f195764770b4e6b637997eab5,4032,3024,Apple,iPhone XR,2023:06:21 15:22:08,2023-06-21 15:22:08,2025-12-18 22:51:28,,,False,D0053,,S0021,5,15.0,3365,S0021,,,,,
img_0070,raw/imgs/IMG_3366.jpeg,IMG_3366.jpeg,.jpeg,1916493,9cb0125b8d27a59fd592335a04da4bdbd36324e3cfa5ab85e2cdb23bc0d49844,4032,3024,Apple,iPhone XR,2023:06:21 15:22:26,2023-06-21 15:22:26,2025-12-18 22:51:28,,,False,D0054,,S0021,6,18.0,3366,S0021,,,,,
img_0071,raw/imgs/IMG_3367.jpeg,IMG_3367.jpeg,.jpeg,2028360,ea3acad3bfd5e7306eaedbdda26a2cbd0c93b34e878f7d8768240a77dcd97886,4032,3024,Apple,iPhone XR,2023:06:21 15:22:38,2023-06-21 15:22:38,2025-12-18 22:51:28,,,False,D0055,,S0021,7,12.0,3367,S0021,,,,,
img_0072,raw/imgs/IMG_3368.jpeg,IMG_3368.jpeg,.jpeg,2081463,0db1690398ba8afc2a1bc70dfbd734e9da02ae745149d5f157c050a84059dce5,4032,3024,Apple,iPhone XR,2023:06:21 15:22:53,2023-06-21 15:22:53,2025-12-18 22:51:29,,,False,D0056,,S0021,8,15.0,3368,S0021,,,,,
img_0073,raw/imgs/IMG_3369.jpeg,IMG_3369.jpeg,.jpeg,2878056,0ba79e488846accb0861d641b7342a7bc52e91c6b8ada6fb6c3a184f2327ccfb,4032,3024,Apple,iPhone XR,2023:06:21 15:23:39,2023-06-21 15:23:39,2025-12-18 22:51:29,,,False,D0057,,S0021,9,46.0,3369,S0021,,,,,
img_0074,raw/imgs/IMG_3370.jpeg,IMG_3370.jpeg,.jpeg,2715808,3a6f123131c293dfc52632bf3d5c971f75910f7c1625df95fbb7f68a91b0b823,4032,3024,Apple,iPhone XR,2023:06:21 15:24:19,2023-06-21 15:24:19,2025-12-18 22:51:29,,,False,D0058,,S0021,10,40.0,3370,S0021,,,,,
img_0075,raw/imgs/IMG_3371.jpeg,IMG_3371.jpeg,.jpeg,2664406,a96571c2260abb34f153ea8a86590181d245abfd229ca89a2fdba4baca37689e,4032,3024,Apple,iPhone XR,2023:06:21 15:30:22,2023-06-21 15:30:22,2025-12-18 22:51:30,,,False,D0059,,S0022,1,363.0,3371,S0022,,,,,
img_0076,raw/imgs/IMG_3372.jpeg,IMG_3372.jpeg,.jpeg,2475594,264fbc99af4b98480f6e578c11c5c85e46c74ce0b42ed4a64175faac21137b72,4032,3024,Apple,iPhone XR,2023:06:21 15:30:51,2023-06-21 15:30:51,2025-12-18 22:51:31,,,False,D0060,,S0022,2,29.0,3372,S0022,,,,,
img_0077,raw/imgs/IMG_3373.jpeg,IMG_3373.jpeg,.jpeg,2673132,401acda1d21c1b4df4afe8a3f850286aae2b6ad64319cf7a85b783316522faeb,4032,3024,Apple,iPhone XR,2023:06:21 15:32:31,2023-06-21 15:32:31,2025-12-18 22:51:31,,,False,D0061,,S0023,1,100.0,3373,S0023,,,,,
img_0078,raw/imgs/IMG_3374.jpeg,IMG_3374.jpeg,.jpeg,2793235,484ab1a2947c0d410a32b3292a3ee5c48ee44dd37f0f8e0c839f721685f51cff,4032,3024,Apple,iPhone XR,2023:06:21 15:32:37,2023-06-21 15:32:37,2025-12-18 22:51:32,,,False,D0062,,S0023,2,6.0,3374,S0023,,,,,
img_0079,raw/imgs/IMG_3375.jpeg,IMG_3375.jpeg,.jpeg,2957835,5d769cf106bc0e57e1a3eda9d49e57e908a9918f17bdb3df46bf42655778ad56,4032,3024,Apple,iPhone XR,2023:06:21 15:34:09,2023-06-21 15:34:09,2025-12-18 22:51:32,,,False,D0063,,S0024,1,92.0,3375,S0024,,,,,
img_0080,raw/imgs/IMG_3376.jpeg,IMG_3376.jpeg,.jpeg,2442952,10bb5dc11571c462d0a135288b2eaaf785b760c426c30a1fe9d57f39b3bfe57a,4032,3024,Apple,iPhone XR,2023:06:21 15:34:14,2023-06-21 15:34:14,2025-12-18 22:51:33,,,False,D0064,,S0024,2,5.0,3376,S0024,,,,,
img_0081,raw/imgs/IMG_3377.jpeg,IMG_3377.jpeg,.jpeg,2732299,41889407595d3ad9024350c87441d5f228df88d859e641c180b9595fdf576eb8,3024,4032,Apple,iPhone XR,2023:06:21 15:35:53,2023-06-21 15:35:53,2025-12-18 22:51:33,,,False,D0065,,S0025,1,99.0,3377,S0025,,,,,
img_0082,raw/imgs/IMG_3378.jpeg,IMG_3378.jpeg,.jpeg,2323254,4d6b3de9919a814fda9306ad5bca2f6fa839878015e5b17c109888ffc61205c0,4032,3024,Apple,iPhone XR,2023:06:21 15:53:07,2023-06-21 15:53:07,2025-12-18 22:51:34,,,False,D0066,,S0026,1,1034.0,3378,S0026,,,,,
img_0083,raw/imgs/IMG_3379.jpeg,IMG_3379.jpeg,.jpeg,2251818,486f77caa340083d75feb348f3f46cffcd83625048d7e83a0a840754926a5a96,4032,3024,Apple,iPhone XR,2023:06:21 15:53:41,2023-06-21 15:53:41,2025-12-18 22:51:34,,,False,D0067,,S0026,2,34.0,3379,S0026,,,,,
img_0084,raw/imgs/IMG_3380.jpeg,IMG_3380.jpeg,.jpeg,2135188,a41e1ed38b5efacb40c5e396e2a074b5e6bc5c9732177b60680b5c259abd6899,4032,3024,Apple,iPhone XR,2023:06:21 15:54:30,2023-06-21 15:54:30,2025-12-18 22:51:35,,,False,D0068,,S0026,3,49.0,3380,S0026,,,,,
img_0085,raw/imgs/IMG_3381.jpeg,IMG_3381.jpeg,.jpeg,2111628,39ede234db4fe78312913c826c352900ef88b766f6883ed7a109bbbb647db892,4032,3024,Apple,iPhone XR,2023:06:21 15:55:03,2023-06-21 15:55:03,2025-12-18 22:51:36,,,False,D0069,,S0026,4,33.0,3381,S0026,,,,,
img_0086,raw/imgs/IMG_3382.jpeg,IMG_3382.jpeg,.jpeg,2482611,f46dc12359e8db58f7470c769c930e51d253409b64ce5ea565ad3ea146e1bd65,4032,3024,Apple,iPhone XR,2023:06:21 15:55:11,2023-06-21 15:55:11,2025-12-18 22:51:36,,,False,D0070,,S0026,5,8.0,3382,S0026,,,,,
img_0087,raw/imgs/IMG_3384.jpeg,IMG_3384.jpeg,.jpeg,2041381,3b1754b91fea01f0422e589179d4abca5d733a79d33c14b947af060de10882b0,4032,3024,Apple,iPhone XR,2023:06:21 15:55:33,2023-06-21 15:55:33,2025-12-18 22:51:37,,,False,D0071,,S0026,6,22.0,3384,S0026,,,,,
img_0088,raw/imgs/IMG_3385.jpeg,IMG_3385.jpeg,.jpeg,1787658,ae490b357869aaf579c36a6fb52aa71ecc553490c8bbd7f51f2b27be6923a76a,4032,3024,Apple,iPhone XR,2023:06:21 15:55:41,2023-06-21 15:55:41,2025-12-18 22:51:38,,,False,D0072,,S0026,7,8.0,3385,S0026,,,,,
img_0089,raw/imgs/IMG_3386.jpeg,IMG_3386.jpeg,.jpeg,2149761,72182d555dc16d610a757819d87f3abd875b252e1624f7c8a583e157cae03a1c,4032,3024,Apple,iPhone XR,2023:06:21 15:55:46,2023-06-21 15:55:46,2025-12-18 22:51:38,,,False,D0073,,S0026,8,5.0,3386,S0026,,,,,
img_0090,raw/imgs/IMG_3387.jpeg,IMG_3387.jpeg,.jpeg,2691126,ccf0249f595eb5f85f86cf6a432eff4a3173147337113bdb6978b6985b99342a,4032,3024,Apple,iPhone XR,2023:06:21 15:56:14,2023-06-21 15:56:14,2025-12-18 22:51:39,,,False,D0074,,S0026,9,28.0,3387,S0026,,,,,
img_0091,raw/imgs/IMG_3388.jpeg,IMG_3388.jpeg,.jpeg,2141504,eea53d71d4832508d33aa9f3a7864a953fb224d765bdb99a1c053d952173218a,4032,3024,Apple,iPhone XR,2023:06:21 15:56:25,2023-06-21 15:56:25,2025-12-18 22:51:39,,,False,D0075,,S0026,10,11.0,3388,S0026,,,,,
img_0092,raw/imgs/IMG_3389.jpeg,IMG_3389.jpeg,.jpeg,2137058,7ea208725547c7f949ec12c7be6e3a57e9abd903a85d15b7984746491699a73f,4032,3024,Apple,iPhone XR,2023:06:21 15:56:33,2023-06-21 15:56:33,2025-12-18 22:51:40,,,False,D0076,,S0026,11,8.0,3389,S0026,,,,,
img_0093,raw/imgs/IMG_3390.jpeg,IMG_3390.jpeg,.jpeg,2540650,fc8222dc52042cf784192d74cbb135a2815075426f8771c19d89fdfbcb69453c,4032,3024,Apple,iPhone XR,2023:06:21 15:56:51,2023-06-21 15:56:51,2025-12-18 22:51:41,,,False,D0077,,S0026,12,18.0,3390,S0026,,,,,
img_0094,raw/imgs/IMG_3391.jpeg,IMG_3391.jpeg,.jpeg,2403505,d45fcdcabc07801f4a072f9005b6ead62c328884cca6dc1f5244f657b160b357,4032,3024,Apple,iPhone XR,2023:06:21 15:57:02,2023-06-21 15:57:02,2025-12-18 22:51:41,,,False,D0078,,S0026,13,11.0,3391,S0026,,,,,
img_0095,raw/imgs/IMG_3392.jpeg,IMG_3392.jpeg,.jpeg,2101736,8f139d9ca5ac6a76ba9aae3afd30c0e6a2be251a8ecc8f89a434180c62b9b7cb,4032,3024,Apple,iPhone XR,2023:06:21 15:57:32,2023-06-21 15:57:32,2025-12-18 22:51:42,,,False,D0079,,S0026,14,30.0,3392,S0026,,,,,
img_0096,raw/imgs/IMG_3393.jpeg,IMG_3393.jpeg,.jpeg,1747367,754b412306419cf76b2c1222cc8216798d78116b5b087ffd2b49ccf92ab73d1c,4032,3024,Apple,iPhone XR,2023:06:21 15:57:43,2023-06-21 15:57:43,2025-12-18 22:51:42,,,False,D0080,,S0026,15,11.0,3393,S0026,,,,,
img_0097,raw/imgs/IMG_3394.jpeg,IMG_3394.jpeg,.jpeg,1904657,dfd5b9a632303700bb42be82a7970fded39a6a28b56295afecaea59d08366be8,4032,3024,Apple,iPhone XR,2023:06:21 15:57:48,2023-06-21 15:57:48,2025-12-18 22:51:43,,,False,D0081,,S0026,16,5.0,3394,S0026,,,,,
img_0098,raw/imgs/IMG_3395.jpeg,IMG_3395.jpeg,.jpeg,1734624,5d9617a7ee83afcc562b0a2ee48ddced8cd78ac39cda44f05a924f72c71009fa,4032,3024,Apple,iPhone XR,2023:06:21 15:58:12,2023-06-21 15:58:12,2025-12-18 22:51:43,,,False,D0082,,S0026,17,24.0,3395,S0026,,,,,
img_0099,raw/imgs/IMG_3396.jpeg,IMG_3396.jpeg,.jpeg,2181909,2b43091d41de09cbeae9a0f9714caba09dd0815cba494968ae1ffc8adb4d026d,4032,3024,Apple,iPhone XR,2023:06:21 15:58:56,2023-06-21 15:58:56,2025-12-18 22:51:44,,,False,D0083,,S0026,18,44.0,3396,S0026,,,,,
img_0100,raw/imgs/IMG_3397.jpeg,IMG_3397.jpeg,.jpeg,2338019,1b351bd719c48d39ee9172fea13b12cbd367d7db7f5d5c3d94ffac5751bb8809,4032,3024,Apple,iPhone XR,2023:06:21 15:59:11,2023-06-21 15:59:11,2025-12-18 22:51:45,,,False,D0084,,S0026,19,15.0,3397,S0026,,,,,
img_0101,raw/imgs/IMG_3417.jpeg,IMG_3417.jpeg,.jpeg,2274740,19baf0b9c4bac93e974f901773396f88a93b46cb2ed1d3012afa0882589fc266,4032,3024,Apple,iPhone XR,2023:06:22 10:48:21,2023-06-22 10:48:21,2025-12-18 22:51:45,,,False,D0085,,S0027,1,67750.0,3417,S0027,,,,,
img_0102,raw/imgs/IMG_3418.jpeg,IMG_3418.jpeg,.jpeg,2517294,d22d625b04cdbadc0742f5c64ebe8fd2199c7079f30367e50a42257548820c99,4032,3024,Apple,iPhone XR,2023:06:22 10:48:25,2023-06-22 10:48:25,2025-12-18 22:51:46,,,False,D0086,,S0027,2,4.0,3418,S0027,,,,,
img_0103,raw/imgs/IMG_3419.jpeg,IMG_3419.jpeg,.jpeg,2275693,c5fb3ab2195b9b420554d6d9d8b6217f37668f3f2a272e3caf59fbd638726311,4032,3024,Apple,iPhone XR,2023:06:22 10:48:55,2023-06-22 10:48:55,2025-12-18 22:51:47,,,False,D0087,,S0027,3,30.0,3419,S0027,,,,,
img_0104,raw/imgs/IMG_3420.jpeg,IMG_3420.jpeg,.jpeg,2500834,5f217b13ec24285c36f939f92b33cfe77764b2c9a8f6c2b13c81cd43d7190f66,4032,3024,Apple,iPhone XR,2023:06:22 10:48:59,2023-06-22 10:48:59,2025-12-18 22:51:47,,,False,D0088,,S0027,4,4.0,3420,S0027,,,,,
img_0105,raw/imgs/IMG_3421.jpeg,IMG_3421.jpeg,.jpeg,2405046,f00d723897c88fe45a413f58fdb901337d3a6bda5fac71216e4bd54946d6ef6c,4032,3024,Apple,iPhone XR,2023:06:22 11:04:59,2023-06-22 11:04:59,2025-12-18 22:51:48,,,False,D0089,,S0028,1,960.0,3421,S0028,,,,,
img_0106,raw/imgs/IMG_3422.jpeg,IMG_3422.jpeg,.jpeg,2426484,24743038023f4d63d31febb5744d77fb1067b5aa2f3d12a798d2aa84dcb551e9,4032,3024,Apple,iPhone XR,2023:06:22 11:06:53,2023-06-22 11:06:53,2025-12-18 22:51:48,,,False,D0090,,S0029,1,114.0,3422,S0029,,,,,
img_0107,raw/imgs/IMG_3423.jpeg,IMG_3423.jpeg,.jpeg,2294858,4c93f5328f8b92b8db9b6923f218bf650e6602759a4b5c486f3aa6e36592ea75,4032,3024,Apple,iPhone XR,2023:06:22 11:07:00,2023-06-22 11:07:00,2025-12-18 22:51:49,,,False,D0091,,S0029,2,7.0,3423,S0029,,,,,
img_0108,raw/imgs/IMG_3424.jpeg,IMG_3424.jpeg,.jpeg,2194233,58012d2f9d027486aed5fde824f2ae625061c3ad30e81cc979774949b11fbfa7,4032,3024,Apple,iPhone XR,2023:06:22 11:07:10,2023-06-22 11:07:10,2025-12-18 22:51:49,,,False,D0092,,S0029,3,10.0,3424,S0029,,,,,
img_0109,raw/imgs/IMG_3425.jpeg,IMG_3425.jpeg,.jpeg,2674767,01cd04897559c8822b07ffb40e8388653b7f3cbef9af457a0040a6ce7716e28b,4032,3024,Apple,iPhone XR,2023:06:22 11:13:24,2023-06-22 11:13:24,2025-12-18 22:51:50,,,False,D0093,,S0030,1,374.0,3425,S0030,,,,,
img_0110,raw/imgs/IMG_3426.jpeg,IMG_3426.jpeg,.jpeg,2211214,f76600119d512f42d4f930ef632c3eb7c42f12cfcfde88ecde477f56ba3d39f8,4032,3024,Apple,iPhone XR,2023:06:22 11:20:00,2023-06-22 11:20:00,2025-12-18 22:51:51,,,False,D0094,,S0031,1,396.0,3426,S0031,,,,,
img_0111,raw/imgs/IMG_3427.jpeg,IMG_3427.jpeg,.jpeg,2060442,b024f963ca98c4c855c31d4a042eacb86fb0db899fe9a7b1c395249d5f4558d9,4032,3024,Apple,iPhone XR,2023:06:22 11:20:07,2023-06-22 11:20:07,2025-12-18 22:51:51,,,False,D0095,,S0031,2,7.0,3427,S0031,,,,,
img_0112,raw/imgs/IMG_3428.jpeg,IMG_3428.jpeg,.jpeg,1959262,8733a0e0a2fa3c0248e7ffb1d913ba91dba54815acbe2aa3e3c28a0570f30e95,3024,4032,Apple,iPhone XR,2023:06:22 11:20:18,2023-06-22 11:20:18,2025-12-18 22:51:51,,,False,D0096,,S0031,3,11.0,3428,S0031,,,,,
img_0113,raw/imgs/IMG_3429.jpeg,IMG_3429.jpeg,.jpeg,1857785,ea1f5f24efa9a8d17abf3ecf335ec57c3ca787da9a76ff834cd8ec9106d23c56,3024,4032,Apple,iPhone XR,2023:06:22 11:20:27,2023-06-22 11:20:27,2025-12-18 22:51:52,,,False,D0097,,S0031,4,9.0,3429,S0031,,,,,
img_0001,raw/imgs/70914219871__BEDDB5B6-1764-47A2-B5DA-D1C8D21CF5D9.jpeg,70914219871__BEDDB5B6-1764-47A2-B5DA-D1C8D21CF5D9.jpeg,.jpeg,2842439,644f58a0b00a6c6840c763ce5003e6d05ac98abc7794f41317f4fa7335b27077,4032,3024,Apple,iPhone XR,2023:06:22 11:56:38,2023-06-22 11:56:38,2025-12-18 22:51:52,,,False,D0098,,S0032,1,2171.0,,S0032,,,,,
img_0114,raw/imgs/IMG_3431.jpeg,IMG_3431.jpeg,.jpeg,2783767,a9eaf551c7b1ff8f33823fb55da78e1fa0a5c329a44fa4df7927d9baf7a58349,4032,3024,Apple,iPhone XR,2023:06:22 11:56:56,2023-06-22 11:56:56,2025-12-18 22:51:52,,,False,D0099,,S0032,2,18.0,3431,S0032,,,,,
img_0115,raw/imgs/IMG_3432.jpeg,IMG_3432.jpeg,.jpeg,3081427,6c03fc458711a5910aafc94afbe2e795ad9194fe04cfc224ea762e21c02964ea,4032,3024,Apple,iPhone XR,2023:06:22 11:57:05,2023-06-22 11:57:05,2025-12-18 22:51:52,,,False,D0100,,S0032,3,9.0,3432,S0032,,,,,
img_0116,raw/imgs/IMG_3433.jpeg,IMG_3433.jpeg,.jpeg,2824951,bd30dcf4987354f95d703ebcfab21f3cd53280147c1d07a83016df19441f3e0a,4032,3024,Apple,iPhone XR,2023:06:22 11:57:25,2023-06-22 11:57:25,2025-12-18 22:51:52,,,False,D0101,,S0032,4,20.0,3433,S0032,,,,,
img_0117,raw/imgs/IMG_3434.jpeg,IMG_3434.jpeg,.jpeg,2762529,14afd97b9fb00c2cc33ab4c2ef1c7e09ba39064cd0a1536b2694159f28c2640d,4032,3024,Apple,iPhone XR,2023:06:22 11:57:42,2023-06-22 11:57:42,2025-12-18 22:51:52,,,False,D0102,,S0032,5,17.0,3434,S0032,,,,,
img_0118,raw/imgs/IMG_3435.jpeg,IMG_3435.jpeg,.jpeg,2827941,b668b155902d50148a834b492430fb34f88da71d2ad5e624c49d01bcccf50587,4032,3024,Apple,iPhone XR,2023:06:22 11:58:09,2023-06-22 11:58:09,2025-12-18 22:51:52,,,False,D0103,,S0032,6,27.0,3435,S0032,,,,,
img_0119,raw/imgs/IMG_3436.jpeg,IMG_3436.jpeg,.jpeg,2742975,627eef62c1895b647fff83c7c2bd8ff8fa8c0a471e88b5b5e45f078128f301db,4032,3024,Apple,iPhone XR,2023:06:22 11:58:23,2023-06-22 11:58:23,2025-12-18 22:51:52,,,False,D0104,,S0032,7,14.0,3436,S0032,,,,,
img_0120,raw/imgs/IMG_3437.jpeg,IMG_3437.jpeg,.jpeg,2018441,c3702c8033998a63024ec558cfe31d5e417cc0f7c1d72042aa47673409120794,4032,3024,Apple,iPhone XR,2023:06:22 11:58:40,2023-06-22 11:58:40,2025-12-18 22:51:52,,,False,D0105,,S0032,8,17.0,3437,S0032,,,,,
img_0121,raw/imgs/IMG_3439.jpeg,IMG_3439.jpeg,.jpeg,3229868,6e476364843beb73c1ca8140029bb2297b63248833182a1d29f89cc9a0b85d6c,4032,3024,Apple,iPhone XR,2023:06:22 13:17:49,2023-06-22 13:17:49,2025-12-18 22:51:53,,,False,D0106,,S0033,1,4749.0,3439,S0033,,,,,
img_0122,raw/imgs/IMG_3440.jpeg,IMG_3440.jpeg,.jpeg,4782962,9f4e2f0035305b8fbeee91256200af73557605322ffc3d65ae63c278561b185d,4032,3024,Apple,iPhone XR,2023:06:22 13:21:09,2023-06-22 13:21:09,2025-12-18 22:51:54,,,False,D0107,,S0034,1,200.0,3440,S0034,,,,,
img_0123,raw/imgs/IMG_3441.jpeg,IMG_3441.jpeg,.jpeg,5272701,17103d993678d4bf5b9f6edd73fd7d03520ff6c54f6e6c8045ab832e2d902993,4032,3024,Apple,iPhone XR,2023:06:22 13:21:20,2023-06-22 13:21:20,2025-12-18 22:51:55,,,False,D0108,,S0034,2,11.0,3441,S0034,,,,,
img_0124,raw/imgs/IMG_3442.jpeg,IMG_3442.jpeg,.jpeg,6247112,fd734d60dda606f3c9f8f9313eaf0636d693a60fd321954f78fc3772e18216ab,4032,3024,Apple,iPhone XR,2023:06:22 13:23:23,2023-06-22 13:23:23,2025-12-18 22:51:56,,,False,D0109,,S0035,1,123.0,3442,S0035,,,,,
img_0125,raw/imgs/IMG_3443.jpeg,IMG_3443.jpeg,.jpeg,4986000,1b8d31be26861f7758f0370cc00781bf8e94f5648b3a1ee1ec5614fc95b732d8,4032,3024,Apple,iPhone XR,2023:06:22 13:24:16,2023-06-22 13:24:16,2025-12-18 22:51:57,,,False,D0110,,S0035,2,53.0,3443,S0035,,,,,
img_0126,raw/imgs/IMG_3444.jpeg,IMG_3444.jpeg,.jpeg,5140825,23ebc88f16cab0b95114193fb3a414d388a6aa1ea6a9bab691fe1b9f1c92df0c,4032,3024,Apple,iPhone XR,2023:06:22 13:27:34,2023-06-22 13:27:34,2025-12-18 22:51:58,,,False,D0111,,S0036,1,198.0,3444,S0036,,,,,
img_0127,raw/imgs/IMG_3445.jpeg,IMG_3445.jpeg,.jpeg,3296586,fa583a47dd00ad56638760b0467da0c759c694c11b176e7ba94c4de184f892dc,4032,3024,Apple,iPhone XR,2023:06:22 13:28:23,2023-06-22 13:28:23,2025-12-18 22:51:59,,,False,D0112,,S0036,2,49.0,3445,S0036,,,,,
img_0128,raw/imgs/IMG_3446.jpeg,IMG_3446.jpeg,.jpeg,3717027,09d364d1d5675eaf6ba2d9606464d2e0831684ba7c2b98a80368689bd4190670,4032,3024,Apple,iPhone XR,2023:06:22 13:28:40,2023-06-22 13:28:40,2025-12-18 22:52:00,,,False,D0113,,S0036,3,17.0,3446,S0036,,,,,
img_0129,raw/imgs/IMG_3447.jpeg,IMG_3447.jpeg,.jpeg,3541586,987f1b4d69e781f3d53c20c9facf66c315849dbf1fbf99b3df152050a62d551c,4032,3024,Apple,iPhone XR,2023:06:22 13:28:45,2023-06-22 13:28:45,2025-12-18 22:52:01,,,False,D0114,,S0036,4,5.0,3447,S0036,,,,,
img_0130,raw/imgs/IMG_3448.jpeg,IMG_3448.jpeg,.jpeg,3870604,68ad5eb4d1c4d2a7d4d0856a48d52eb9e2143f63b7e58932869eb330f5b8900d,4032,3024,Apple,iPhone XR,2023:06:22 13:28:53,2023-06-22 13:28:53,2025-12-18 22:52:02,,,False,D0115,,S0036,5,8.0,3448,S0036,,,,,
img_0131,raw/imgs/IMG_3449.jpeg,IMG_3449.jpeg,.jpeg,3992628,28f6e3a4712a8ba1b2a5fb2006f6df049aaa285f445d65835b36325ad398a97f,4032,3024,Apple,iPhone XR,2023:06:22 13:29:04,2023-06-22 13:29:04,2025-12-18 22:52:02,,,False,D0116,,S0036,6,11.0,3449,S0036,,,,,
img_0132,raw/imgs/IMG_3450.jpeg,IMG_3450.jpeg,.jpeg,3499364,ffba08513d95afbfd8f13c61145433edcd10bed9199f1f9c73388026f21cdc20,4032,3024,Apple,iPhone XR,2023:06:22 13:29:25,2023-06-22 13:29:25,2025-12-18 22:52:03,,,False,D0117,,S0036,7,21.0,3450,S0036,,,,,
img_0133,raw/imgs/IMG_3451.jpeg,IMG_3451.jpeg,.jpeg,3652610,6c25b10b0c74609104b9dd8857a573a8bb3e7b13228fdd7f55feb2c57cc97d1b,3024,4032,Apple,iPhone XR,2023:06:22 13:29:54,2023-06-22 13:29:54,2025-12-18 22:52:04,,,False,D0118,,S0036,8,29.0,3451,S0036,,,,,
img_0134,raw/imgs/IMG_3452.jpeg,IMG_3452.jpeg,.jpeg,3516588,d8a1bd648a9bfc83f4f1d184af9f8c0a9eb785248557ff09fee4e34fbed13656,3024,4032,Apple,iPhone XR,2023:06:22 13:30:06,2023-06-22 13:30:06,2025-12-18 22:52:04,,,False,D0119,,S0036,9,12.0,3452,S0036,,,,,
img_0135,raw/imgs/IMG_3453.jpeg,IMG_3453.jpeg,.jpeg,3120497,b2fe0e5c37a4207bc3bf0b365e5449a635fa7b01df456f25533485648f474329,3024,4032,Apple,iPhone XR,2023:06:22 13:30:16,2023-06-22 13:30:16,2025-12-18 22:52:04,,,False,D0120,,S0036,10,10.0,3453,S0036,,,,,
img_0136,raw/imgs/IMG_3454.jpeg,IMG_3454.jpeg,.jpeg,5077048,157de9e0632a349439d8196b552d86065bf405d3997d2fecd4f1e0ada8a81564,3024,4032,Apple,iPhone XR,2023:06:22 13:32:03,2023-06-22 13:32:03,2025-12-18 22:52:04,,,False,D0121,,S0037,1,107.0,3454,S0037,,,,,
img_0137,raw/imgs/IMG_3455.jpeg,IMG_3455.jpeg,.jpeg,5823544,15a05a2afb800bfdb80308aca421c1e991255693d92883386d0403bae8dc5742,3024,4032,Apple,iPhone XR,2023:06:22 13:32:09,2023-06-22 13:32:09,2025-12-18 22:52:04,,,False,D0122,,S0037,2,6.0,3455,S0037,,,,,
img_0138,raw/imgs/IMG_3458.jpeg,IMG_3458.jpeg,.jpeg,2905818,ce429dd76c53c0e7cd67a4164e65ec221911a51936de4773ed0072ccf306775a,4032,3024,Apple,iPhone XR,2023:06:22 13:33:38,2023-06-22 13:33:38,2025-12-18 22:52:06,,,False,D0123,,S0037,3,89.0,3458,S0037,,,,,
img_0139,raw/imgs/IMG_3459.jpeg,IMG_3459.jpeg,.jpeg,5006397,c56fc0f0a89f3ae81986a0c2461d47698bba696965c867f7024b381e78956b6f,4032,3024,Apple,iPhone XR,2023:06:22 13:46:26,2023-06-22 13:46:26,2025-12-18 22:52:06,,,False,D0124,,S0038,1,768.0,3459,S0038,,,,,
img_0140,raw/imgs/IMG_3460.jpeg,IMG_3460.jpeg,.jpeg,5351389,d3cd2b1fccd28df8a88a67a0e86934250fb4a9dac87338decad16e4b557ff764,4032,3024,Apple,iPhone XR,2023:06:22 13:46:39,2023-06-22 13:46:39,2025-12-18 22:52:07,,,False,D0125,,S0038,2,13.0,3460,S0038,,,,,
img_0141,raw/imgs/IMG_3461.jpeg,IMG_3461.jpeg,.jpeg,3986625,d5d4adbf9bc302f44c68caf65d1aaeb1ce42f8836883cc49bcf04a8b3bd3150e,4032,3024,Apple,iPhone XR,2023:06:22 13:46:58,2023-06-22 13:46:58,2025-12-18 22:52:07,,,False,D0126,,S0038,3,19.0,3461,S0038,,,,,
img_0142,raw/imgs/IMG_3462.jpeg,IMG_3462.jpeg,.jpeg,4404580,86695d21b5c784ddc3b8786b150f6f20629273f5f6e4eea0390b0f1da0fd4796,4032,3024,Apple,iPhone XR,2023:06:22 13:47:06,2023-06-22 13:47:06,2025-12-18 22:52:07,,,False,D0127,,S0038,4,8.0,3462,S0038,,,,,
img_0143,raw/imgs/IMG_3463.jpeg,IMG_3463.jpeg,.jpeg,4194086,70caf01fc33fc4faa14d656f98a715f075fd1e920d11feac09bc45176aa414ab,4032,3024,Apple,iPhone XR,2023:06:22 13:47:11,2023-06-22 13:47:11,2025-12-18 22:52:08,,,False,D0128,,S0038,5,5.0,3463,S0038,,,,,
img_0144,raw/imgs/IMG_3464.jpeg,IMG_3464.jpeg,.jpeg,4227812,cc3bccb931139fc9889df03224502cc8c8531532332b2f2cea31ed1960597566,4032,3024,Apple,iPhone XR,2023:06:22 13:47:20,2023-06-22 13:47:20,2025-12-18 22:52:09,,,False,D0129,,S0038,6,9.0,3464,S0038,,,,,
img_0145,raw/imgs/IMG_3465.jpeg,IMG_3465.jpeg,.jpeg,3973057,d7bb44ed47f38f5cc63734c979b027eec7b13931cb90307e48defa787641d098,4032,3024,Apple,iPhone XR,2023:06:22 13:47:27,2023-06-22 13:47:27,2025-12-18 22:52:10,,,False,D0130,,S0038,7,7.0,3465,S0038,,,,,
img_0146,raw/imgs/IMG_3466.jpeg,IMG_3466.jpeg,.jpeg,3266897,4c1b191031ce5738469924cf87051cc54b9d02941c7de050e2f344c2c9c80315,4032,3024,Apple,iPhone XR,2023:06:22 13:51:57,2023-06-22 13:51:57,2025-12-18 22:52:11,,,False,D0131,,S0039,1,270.0,3466,S0039,,,,,
img_0147,raw/imgs/IMG_3467.jpeg,IMG_3467.jpeg,.jpeg,3863054,d0ca99d624ad6076004d4779c0dede24137bcf53c5f586f7c14f9309cd34b64b,4032,3024,Apple,iPhone XR,2023:06:22 13:52:53,2023-06-22 13:52:53,2025-12-18 22:52:12,,,False,D0132,,S0039,2,56.0,3467,S0039,,,,,
img_0148,raw/imgs/IMG_3468.jpeg,IMG_3468.jpeg,.jpeg,3540685,4337cb573fd8b6037c591bce555e38e05b32013453621e9c8ea640e5c69c3020,4032,3024,Apple,iPhone XR,2023:06:22 13:53:04,2023-06-22 13:53:04,2025-12-18 22:52:14,,,False,D0133,,S0039,3,11.0,3468,S0039,,,,,
img_0149,raw/imgs/IMG_3469.jpeg,IMG_3469.jpeg,.jpeg,3945604,7c41af3f73e1ca31da50f4208f1b9b7c237c141914f418d98b4798348816744f,4032,3024,Apple,iPhone XR,2023:06:22 13:53:10,2023-06-22 13:53:10,2025-12-18 22:52:16,,,False,D0134,,S0039,4,6.0,3469,S0039,,,,,
img_0150,raw/imgs/IMG_3472.jpeg,IMG_3472.jpeg,.jpeg,2466230,731ab145a8aa4de546e75a0c7b2ecb6c81f95aaab7d400d9b8e7eac934452609,4032,3024,Apple,iPhone XR,2023:06:22 13:55:44,2023-06-22 13:55:44,2025-12-18 22:52:16,,,False,D0135,,S0040,1,154.0,3472,S0040,,,,,
img_0151,raw/imgs/IMG_3473.jpeg,IMG_3473.jpeg,.jpeg,2329274,37513c7c59882b9e87a161c70494c87018ec77dc05e7c4aa8e5adb421992ffe5,4032,3024,Apple,iPhone XR,2023:06:22 13:55:52,2023-06-22 13:55:52,2025-12-18 22:52:17,,,False,D0136,,S0040,2,8.0,3473,S0040,,,,,
img_0152,raw/imgs/IMG_3474.jpeg,IMG_3474.jpeg,.jpeg,2239056,3b6056e4e7e4901f6a5aa9b32e6eee27a67e198e5e95427919bb4db2fee06147,4032,3024,Apple,iPhone XR,2023:06:22 13:56:29,2023-06-22 13:56:29,2025-12-18 22:52:18,,,False,D0137,,S0040,3,37.0,3474,S0040,,,,,
img_0153,raw/imgs/IMG_3475.jpeg,IMG_3475.jpeg,.jpeg,3707996,358e57f0d0701ad7f17f5873952fc07d3721833761ace15e52b7c27ee5318268,4032,3024,Apple,iPhone XR,2023:06:22 13:58:17,2023-06-22 13:58:17,2025-12-18 22:52:18,,,False,D0138,,S0041,1,108.0,3475,S0041,,,,,
img_0154,raw/imgs/IMG_3476.jpeg,IMG_3476.jpeg,.jpeg,3740452,858d97d4f0f753089a2c3aa1d60d32692325a8bbf552891045595238db9a0efb,4032,3024,Apple,iPhone XR,2023:06:22 13:58:19,2023-06-22 13:58:19,2025-12-18 22:52:19,,,False,D0139,,S0041,2,2.0,3476,S0041,,,,,
img_0155,raw/imgs/IMG_3477.jpeg,IMG_3477.jpeg,.jpeg,3903807,3ce51a86c036871d1fe3c311f2416132458b817b9df5953a0c6c9f6faf7ba015,4032,3024,Apple,iPhone XR,2023:06:22 13:58:31,2023-06-22 13:58:31,2025-12-18 22:52:20,,,False,D0140,,S0041,3,12.0,3477,S0041,,,,,
img_0156,raw/imgs/IMG_3478.jpeg,IMG_3478.jpeg,.jpeg,2614955,aabbd65f4a0cda6acf21d4141411505e6bf86fa350c76a9703acfed0a81ea759,4032,3024,Apple,iPhone XR,2023:06:22 14:02:15,2023-06-22 14:02:15,2025-12-18 22:52:21,,,False,D0141,,S0042,1,224.0,3478,S0042,,,,,
img_0157,raw/imgs/IMG_3479.jpeg,IMG_3479.jpeg,.jpeg,2918528,9f375fd72ecc1ed8d68873c04add37c5f6fb016128ad678c48ccfd7a61daf286,4032,3024,Apple,iPhone XR,2023:06:22 14:02:28,2023-06-22 14:02:28,2025-12-18 22:52:21,,,False,D0142,,S0042,2,13.0,3479,S0042,,,,,
img_0158,raw/imgs/IMG_3480.jpeg,IMG_3480.jpeg,.jpeg,2915548,d6dc0f9120e0c92f8cc573f11d83e9d78e44d68e2d6d8b1d94cbda014012b751,4032,3024,Apple,iPhone XR,2023:06:22 14:02:30,2023-06-22 14:02:30,2025-12-18 22:52:22,,,False,D0143,,S0042,3,2.0,3480,S0042,,,,,
img_0159,raw/imgs/IMG_3481.jpeg,IMG_3481.jpeg,.jpeg,2473178,1c37e068f47e76dc6229db784c4356b47d4842bb04c3bd6f2b12cfc95a23f17d,4032,3024,Apple,iPhone XR,2023:06:22 14:02:36,2023-06-22 14:02:36,2025-12-18 22:52:24,,,False,D0144,,S0042,4,6.0,3481,S0042,,,,,
img_0160,raw/imgs/IMG_3482.jpeg,IMG_3482.jpeg,.jpeg,2971249,aa154a1a9161c4014605d561309b76c46e26b04ddf70ca2f901e86c458ba4065,4032,3024,Apple,iPhone XR,2023:06:22 14:02:48,2023-06-22 14:02:48,2025-12-18 22:52:24,,,False,D0145,,S0042,5,12.0,3482,S0042,,,,,
img_0161,raw/imgs/IMG_3483.jpeg,IMG_3483.jpeg,.jpeg,2999856,585ede0194590ed6bfb40565ff31bddd91cf74ba12f08e66dd3de4a415972b68,4032,3024,Apple,iPhone XR,2023:06:22 14:48:49,2023-06-22 14:48:49,2025-12-18 22:52:24,,,False,D0146,,S0043,1,2761.0,3483,S0043,,,,,
img_0162,raw/imgs/IMG_3484.jpeg,IMG_3484.jpeg,.jpeg,3227904,93ae8a66473f8d489b7fa8ca746c7700386577e18150426640d03e647b6e430a,4032,3024,Apple,iPhone XR,2023:06:22 14:48:53,2023-06-22 14:48:53,2025-12-18 22:52:24,,,False,D0147,,S0043,2,4.0,3484,S0043,,,,,
img_0163,raw/imgs/IMG_3485.jpeg,IMG_3485.jpeg,.jpeg,2176704,df19a7294adc1222fe102963186f33434fb1a23757cc0878cf2d7e7c1728b401,4032,3024,Apple,iPhone XR,2023:06:22 14:49:01,2023-06-22 14:49:01,2025-12-18 22:52:24,,,False,D0148,,S0043,3,8.0,3485,S0043,,,,,
img_0164,raw/imgs/IMG_3486.jpeg,IMG_3486.jpeg,.jpeg,2637192,4d50defe746212baa2a4f494bc09ecc8c55f535f216a0ed795da269afc4c3032,4032,3024,Apple,iPhone XR,2023:06:22 14:58:21,2023-06-22 14:58:21,2025-12-18 22:52:24,,,False,D0149,,S0044,1,560.0,3486,S0044,,,,,
img_0165,raw/imgs/IMG_3487.jpeg,IMG_3487.jpeg,.jpeg,2491837,e83062f883f8163ea1055f799c8eb1887628bed0a31ee3ab9ca01f47fb5e3aeb,4032,3024,Apple,iPhone XR,2023:06:22 14:59:30,2023-06-22 14:59:30,2025-12-18 22:52:24,,,False,D0150,,S0044,2,69.0,3487,S0044,,,,,
img_0166,raw/imgs/IMG_3488.jpeg,IMG_3488.jpeg,.jpeg,1143723,2af91bba20e74e2240bdb8fe32d2d87d282eb83c909481e770ef029db9b9b140,4032,3024,Apple,iPhone XR,2023:06:22 14:59:47,2023-06-22 14:59:47,2025-12-18 22:52:25,,,False,D0151,,S0044,3,17.0,3488,S0044,,,,,
img_0167,raw/imgs/IMG_3489.jpeg,IMG_3489.jpeg,.jpeg,2409070,e505f866ca49a111a99c0dccfcbfa7004fe107ece56f2f67ccc384f0cf6b0496,4032,3024,Apple,iPhone XR,2023:06:22 15:15:38,2023-06-22 15:15:38,2025-12-18 22:52:26,,,False,D0152,,S0045,1,951.0,3489,S0045,,,,,
img_0168,raw/imgs/IMG_3490.jpeg,IMG_3490.jpeg,.jpeg,2423948,cb85f62b9d7d02d4decfb93aa88aef33ace4b81882884813802ed3bbf17f672f,4032,3024,Apple,iPhone XR,2023:06:22 15:15:40,2023-06-22 15:15:40,2025-12-18 22:52:27,,,False,D0153,,S0045,2,2.0,3490,S0045,,,,,
img_0169,raw/imgs/IMG_3491.jpeg,IMG_3491.jpeg,.jpeg,4162067,4eb88b4520a86520fa434c334b13a134615466c2869250d45d2a76b3bbfccf72,4032,3024,Apple,iPhone XR,2023:06:22 15:33:31,2023-06-22 15:33:31,2025-12-18 22:52:28,,,False,D0154,,S0046,1,1071.0,3491,S0046,,,,,
img_0170,raw/imgs/IMG_3492.jpeg,IMG_3492.jpeg,.jpeg,4329616,361a78392d9ceb71bae1d7dc5a13689b801f6b0b81c713760d0d8daf9eddfd3c,3024,4032,Apple,iPhone XR,2023:06:22 15:34:32,2023-06-22 15:34:32,2025-12-18 22:52:28,,,False,D0155,,S0046,2,61.0,3492,S0046,,,,,
img_0171,raw/imgs/IMG_3493.jpeg,IMG_3493.jpeg,.jpeg,3630503,aaf38132ad72e672df932b167c5a140b07f1c4c81bbee5eb4c596d7b7492e916,3024,4032,Apple,iPhone XR,2023:06:22 15:34:33,2023-06-22 15:34:33,2025-12-18 22:52:28,,,False,D0156,,S0046,3,1.0,3493,S0046,,,,,
img_0172,raw/imgs/IMG_3847.jpeg,IMG_3847.jpeg,.jpeg,3160444,975cb337c9644d9d6a3639440cf50613baf8759b7b263d4bfd79b8dfe2ccc502,4032,3024,Apple,iPhone XR,2023:07:27 14:28:35,2023-07-27 14:28:35,2025-12-18 22:52:28,,,False,D0157,,S0047,1,3020042.0,3847,S0047,,,,,
img_0173,raw/imgs/IMG_3848.jpeg,IMG_3848.jpeg,.jpeg,2691399,bb5704f424e9edc12b1729716dcaf9d5117d5ca5e69f3bc4cc48770e95b07c32,4032,3024,Apple,iPhone XR,2023:07:27 14:28:39,2023-07-27 14:28:39,2025-12-18 22:52:28,,,False,D0158,,S0047,2,4.0,3848,S0047,,,,,
img_0174,raw/imgs/IMG_3849.jpeg,IMG_3849.jpeg,.jpeg,2997186,628205d432425884d85dc94b57c99109532d0134d434ded0c2bd12a4f70a30bd,4032,3024,Apple,iPhone XR,2023:07:27 14:38:51,2023-07-27 14:38:51,2025-12-18 22:52:28,,,False,D0159,,S0048,1,612.0,3849,S0048,,,,,
img_0175,raw/imgs/IMG_3850.jpeg,IMG_3850.jpeg,.jpeg,2888413,c1d2f5bd962b75efa1c950bc874f1bb56ff4c4ed146de834b9e92ec30382e150,4032,3024,Apple,iPhone XR,2023:07:27 14:43:19,2023-07-27 14:43:19,2025-12-18 22:52:29,,,False,D0160,,S0049,1,268.0,3850,S0049,,,,,
img_0176,raw/imgs/IMG_3851.jpeg,IMG_3851.jpeg,.jpeg,3452415,f0626bb262de51596384639a6220171af9de7304ee5824df6333a43032f98f67,4032,3024,Apple,iPhone XR,2023:07:27 14:46:37,2023-07-27 14:46:37,2025-12-18 22:52:29,,,False,D0161,,S0050,1,198.0,3851,S0050,,,,,
img_0177,raw/imgs/IMG_3852.jpeg,IMG_3852.jpeg,.jpeg,2730213,b4d0e97fc52284762f27c7eafcf8a2b750b16573a98d64ad5aeeb68fd2cf0314,4032,3024,Apple,iPhone XR,2023:07:27 14:49:03,2023-07-27 14:49:03,2025-12-18 22:52:30,,,False,D0162,,S0051,1,146.0,3852,S0051,,,,,
img_0178,raw/imgs/IMG_3853.jpeg,IMG_3853.jpeg,.jpeg,2177827,106181b166d9a2a15ff7ad2f87e44be6bddacbccb5e3057b1999fa520a82c03b,4032,3024,Apple,iPhone XR,2023:07:27 15:03:48,2023-07-27 15:03:48,2025-12-18 22:52:31,,,False,D0163,,S0052,1,885.0,3853,S0052,,,,,
img_0179,raw/imgs/IMG_3854.jpeg,IMG_3854.jpeg,.jpeg,1523335,9358d9d84fbe14c02285db3ea68a5607b29ac3cfa65515910872aef4f856c2c5,4032,3024,Apple,iPhone XR,2023:07:27 15:11:04,2023-07-27 15:11:04,2025-12-18 22:52:31,,,False,D0164,,S0053,1,436.0,3854,S0053,,,,,
img_0180,raw/imgs/IMG_3855.jpeg,IMG_3855.jpeg,.jpeg,1636193,f362691e6d9988cb45e5c06b47e09891165fc703188dca101ddb5b8d6d9a2346,4032,3024,Apple,iPhone XR,2023:07:27 15:11:16,2023-07-27 15:11:16,2025-12-18 22:52:32,,,False,D0165,,S0053,2,12.0,3855,S0053,,,,,
img_0181,raw/imgs/IMG_3856.jpeg,IMG_3856.jpeg,.jpeg,1577014,4eacf230ed47bcff6f68bb73c42e90b673c140d64ccf4c063637d0ed0e2c6e72,4032,3024,Apple,iPhone XR,2023:07:27 15:11:28,2023-07-27 15:11:28,2025-12-18 22:52:33,,,False,D0166,,S0053,3,12.0,3856,S0053,,,,,
img_0182,raw/imgs/IMG_3857.jpeg,IMG_3857.jpeg,.jpeg,1324484,798191d9763fd5d6082701c7605844df8329d1c163fc8b2477525597012b0abe,4032,3024,Apple,iPhone XR,2023:07:27 15:11:45,2023-07-27 15:11:45,2025-12-18 22:52:34,,,False,D0167,,S0053,4,17.0,3857,S0053,,,,,
img_0183,raw/imgs/IMG_3858.jpeg,IMG_3858.jpeg,.jpeg,1085333,d16b29f1967546633384f339002796f3d797ab03d0e4f4a651e039d32e4cad90,4032,3024,Apple,iPhone XR,2023:07:27 15:12:00,2023-07-27 15:12:00,2025-12-18 22:52:35,,,False,D0168,,S0053,5,15.0,3858,S0053,,,,,
img_0184,raw/imgs/IMG_3859.jpeg,IMG_3859.jpeg,.jpeg,1249755,f76635421ea56da58dd7e99606be41b61e3f734d0c7c4584cc2dde3ecf415fb5,3024,4032,Apple,iPhone XR,2023:07:27 15:13:15,2023-07-27 15:13:15,2025-12-18 22:52:35,,,False,D0169,,S0053,6,75.0,3859,S0053,,,,,
img_0185,raw/imgs/IMG_3860.jpeg,IMG_3860.jpeg,.jpeg,1252337,4de1f9937f763456511b5b8ef44d709c1b4eb237aaf7d82e0a8207291d3d9984,3024,4032,Apple,iPhone XR,2023:07:27 15:14:20,2023-07-27 15:14:20,2025-12-18 22:52:35,,,False,D0170,,S0053,7,65.0,3860,S0053,,,,,
img_0186,raw/imgs/IMG_3861.jpeg,IMG_3861.jpeg,.jpeg,1385844,64b342d3a8095fbe8b6c1fc86d529421822e302281332f5effb0eef31d73298d,3024,4032,Apple,iPhone XR,2023:07:27 15:14:33,2023-07-27 15:14:33,2025-12-18 22:52:36,,,False,D0171,,S0053,8,13.0,3861,S0053,,,,,
img_0187,raw/imgs/IMG_3862.jpeg,IMG_3862.jpeg,.jpeg,1460570,620eb894533579dfdad6d1df8f2d2484592fa7ba8905bb3d941b0ba5f42b9dce,3024,4032,Apple,iPhone XR,2023:07:27 15:15:20,2023-07-27 15:15:20,2025-12-18 22:52:36,,,False,D0172,,S0053,9,47.0,3862,S0053,,,,,
img_0188,raw/imgs/IMG_3863.jpeg,IMG_3863.jpeg,.jpeg,1340322,45c370505ac4b0027fb11627699b0de775856db38ccd30dd8ae7221813f5b095,3024,4032,Apple,iPhone XR,2023:07:27 15:15:57,2023-07-27 15:15:57,2025-12-18 22:52:36,,,False,D0173,,S0053,10,37.0,3863,S0053,,,,,
img_0189,raw/imgs/IMG_3864.jpeg,IMG_3864.jpeg,.jpeg,2186530,36beca316083f1a3e31acf38eb84f7e03c9dd4a4d660c04d9673b21d85406174,4032,3024,Apple,iPhone XR,2023:07:27 15:16:26,2023-07-27 15:16:26,2025-12-18 22:52:36,,,False,D0174,,S0053,11,29.0,3864,S0053,,,,,
img_0190,raw/imgs/IMG_3865.jpeg,IMG_3865.jpeg,.jpeg,2296785,93d917124d03f786d72a3f686e9c56bb446c22c2c50f81c0fe4139076da142c2,4032,3024,Apple,iPhone XR,2023:07:27 15:17:39,2023-07-27 15:17:39,2025-12-18 22:52:37,,,False,D0175,,S0053,12,73.0,3865,S0053,,,,,
img_0191,raw/imgs/IMG_3866.jpeg,IMG_3866.jpeg,.jpeg,1840311,a88dd2a4084b9cc3b454ead8c644ab9a42521069ac46d366642666fe3edfe925,4032,3024,Apple,iPhone XR,2023:07:27 15:17:42,2023-07-27 15:17:42,2025-12-18 22:52:38,,,False,D0176,,S0053,13,3.0,3866,S0053,,,,,
img_0192,raw/imgs/IMG_3867.jpeg,IMG_3867.jpeg,.jpeg,1793870,37acf321e93d035669ca02acad1643764497b5b14280d68914ca0d0b7b03a188,4032,3024,Apple,iPhone XR,2023:07:27 15:17:54,2023-07-27 15:17:54,2025-12-18 22:52:39,,,False,D0177,,S0053,14,12.0,3867,S0053,,,,,
img_0193,raw/imgs/IMG_3868.jpeg,IMG_3868.jpeg,.jpeg,924505,754114721d3f1d92fe95df3070121d2dd1b48ed3f53d36cad07995f361c92d49,4032,3024,Apple,iPhone XR,2023:07:27 15:20:12,2023-07-27 15:20:12,2025-12-18 22:52:39,,,False,D0178,,S0054,1,138.0,3868,S0054,,,,,
img_0194,raw/imgs/IMG_3869.jpeg,IMG_3869.jpeg,.jpeg,1623205,6f740e7f4f02f503ee549278a12b06c9617f43d7d2bb833e96fb94ddd145a988,4032,3024,Apple,iPhone XR,2023:07:27 15:21:16,2023-07-27 15:21:16,2025-12-18 22:52:41,,,False,D0179,,S0054,2,64.0,3869,S0054,,,,,
img_0195,raw/imgs/IMG_3870.jpeg,IMG_3870.jpeg,.jpeg,1923651,12358d5660865cfc1c3f6c1888c483b059fb17de8920c6efdedb53ed1a1427a9,4032,3024,Apple,iPhone XR,2023:07:27 15:21:51,2023-07-27 15:21:51,2025-12-18 22:52:42,,,False,D0180,,S0054,3,35.0,3870,S0054,,,,,
img_0196,raw/imgs/IMG_3871.jpeg,IMG_3871.jpeg,.jpeg,1725056,3351254f234dce3cc442dfae66034b01535b3329953064f8003ad899220c6ca3,4032,3024,Apple,iPhone XR,2023:07:27 15:22:11,2023-07-27 15:22:11,2025-12-18 22:52:44,,,False,D0181,,S0054,4,20.0,3871,S0054,,,,,
img_0197,raw/imgs/IMG_3872.jpeg,IMG_3872.jpeg,.jpeg,1926752,88ad092d875f384fb3568e0ff417414ca8c43e3afbe8a860af48142cbcecb07a,4032,3024,Apple,iPhone XR,2023:07:27 15:22:27,2023-07-27 15:22:27,2025-12-18 22:52:45,,,False,D0182,,S0054,5,16.0,3872,S0054,,,,,
img_0198,raw/imgs/IMG_3873.jpeg,IMG_3873.jpeg,.jpeg,2427385,61957e29eee19c62cf37a8819018a50160ad4b7d9d593862f6b172eb657de1b4,3024,4032,Apple,iPhone XR,2023:07:27 15:32:20,2023-07-27 15:32:20,2025-12-18 22:52:45,,,False,D0183,,S0055,1,593.0,3873,S0055,,,,,
img_0199,raw/imgs/IMG_3874.jpeg,IMG_3874.jpeg,.jpeg,1563113,9945d612f592b8589faa60e7c9a9220536498bb2cd1a1f43a6bb17a008e22e8e,4032,3024,Apple,iPhone XR,2023:07:27 15:33:42,2023-07-27 15:33:42,2025-12-18 22:52:46,,,False,D0184,,S0055,2,82.0,3874,S0055,,,,,
img_0200,raw/imgs/IMG_3875.jpeg,IMG_3875.jpeg,.jpeg,1337648,167f41c262ac5738dcd2c8a62f605fd269b9e4b11f528b7c006e9360a0452260,4032,3024,Apple,iPhone XR,2023:07:27 15:44:59,2023-07-27 15:44:59,2025-12-18 22:52:46,,,False,D0185,,S0056,1,677.0,3875,S0056,,,,,
img_0201,raw/imgs/IMG_3876.jpeg,IMG_3876.jpeg,.jpeg,1186573,f755dabf1987d210a505fdc1ab156337e5de173c8c586f95c8db5f43a6477d81,3024,4032,Apple,iPhone XR,2023:07:27 15:45:15,2023-07-27 15:45:15,2025-12-18 22:52:46,,,False,D0186,,S0056,2,16.0,3876,S0056,,,,,
img_0202,raw/imgs/IMG_3877.jpeg,IMG_3877.jpeg,.jpeg,1362461,347f441fd868f1bed8bd786b4a3be677bf623ab220eec373b90729787f3e8938,3024,4032,Apple,iPhone XR,2023:07:27 15:45:24,2023-07-27 15:45:24,2025-12-18 22:52:46,,,False,D0187,,S0056,3,9.0,3877,S0056,,,,,
img_0203,raw/imgs/IMG_3878.jpeg,IMG_3878.jpeg,.jpeg,1510746,b06aa692610235a2bf55eba60e8c38133ca337e132831f74cfc2ae65c9cff654,3024,4032,Apple,iPhone XR,2023:07:27 15:45:33,2023-07-27 15:45:33,2025-12-18 22:52:47,,,False,D0188,,S0056,4,9.0,3878,S0056,,,,,
img_0204,raw/imgs/IMG_3879.jpeg,IMG_3879.jpeg,.jpeg,1816639,a58af9fe37e0af119a214d78d3a4369a8d778fe6ab5aecb31fb7e9d8765441d9,3024,4032,Apple,iPhone XR,2023:07:27 15:45:46,2023-07-27 15:45:46,2025-12-18 22:52:47,,,False,D0189,,S0056,5,13.0,3879,S0056,,,,,
img_0205,raw/imgs/IMG_3880.jpeg,IMG_3880.jpeg,.jpeg,1487525,befa93ef5c027d7822e65dde62437beed770257df809781704d06d0562da9555,4032,3024,Apple,iPhone XR,2023:07:27 15:48:15,2023-07-27 15:48:15,2025-12-18 22:52:48,,,False,D0190,,S0057,1,149.0,3880,S0057,,,,,
img_0206,raw/imgs/IMG_3881.jpeg,IMG_3881.jpeg,.jpeg,2055055,4e9722709ecad56f422170be25c4bab0fce4d7d3584d49834d85acc70a913419,4032,3024,Apple,iPhone XR,2023:07:27 15:52:01,2023-07-27 15:52:01,2025-12-18 22:52:49,,,False,D0191,,S0058,1,226.0,3881,S0058,,,,,
img_0207,raw/imgs/IMG_3882.jpeg,IMG_3882.jpeg,.jpeg,2851413,c1d783681967d2cd033013732ad87ddc3fa704c32c55706576b77c68b7657587,4032,3024,Apple,iPhone XR,2023:07:27 15:59:39,2023-07-27 15:59:39,2025-12-18 22:52:50,,,False,D0192,,S0059,1,458.0,3882,S0059,,,,,
img_0208,raw/imgs/IMG_3883.jpeg,IMG_3883.jpeg,.jpeg,3179543,3c07b4584fe4c22a5fb8a728ec773f8c3e9bcc8026bf606eaf29ac3465cc81bc,4032,3024,Apple,iPhone XR,2023:07:27 15:59:44,2023-07-27 15:59:44,2025-12-18 22:52:50,,,False,D0193,,S0059,2,5.0,3883,S0059,,,,,
